{"fips": [-22171.0, 85433.0], "TOT_POP": [-74461.375, 153337.625], "0-9": [-8944.25, 18321.75], "0-9 y/o % of total pop": [7.0588377662499955, 16.487640596250003], "19-Oct": [-9797.125, 19993.875], "10-19 y/o % of total pop": [8.697336139999999, 16.63644994], "20-29": [-10305.0, 20545.0], "20-29 y/o % of total pop": [6.468544207500002, 17.2104902675], "30-39": [-9389.5, 18936.5], "30-39 y/o % of total pop": [7.7642376849999994, 15.564463085000002], "40-49": [-9067.625, 18433.375], "40-49 y/o % of total pop": [8.133868276249999, 14.937412626250001], "50-59": [-10028.375, 20668.625], "50-59 y/o % of total pop": [10.202730187500004, 16.964945307499995], "60-69": [-9374.5, 19561.5], "60-69 y/o % of total pop": [7.352197581250003, 18.736288271249997], "70-79": [-5984.125, 12508.875], "70-79 y/o % of total pop": [3.4120230551250015, 13.066029404124997], "80+": [-3017.125, 6449.875], "80+ y/o % of total pop": [1.120405860375, 8.102385609375], "White-alone pop": [-65956.75, 133951.25], "% White-alone": [55.76859182750003, 119.37360850749998], "Black-alone pop": [-8292.5, 14199.5], "% Black-alone": [-14.110407521250004, 25.829528788750004], "Native American/American Indian-alone pop": [-816.5, 1555.5], "% NA/AI-alone": [-1.0363890465, 2.7520983715], "Asian-alone pop": [-1156.875, 2080.125], "% Asian-alone": [-0.9859687082499999, 2.88503860575], "Hawaiian/Pacific Islander-alone pop": [-91.0, 165.0], "% Hawaiian/PI-alone": [-0.097903041375, 0.248227469625], "Two or more races pop": [-1795.5, 3472.5], "% Two or more races": [-0.2210637984999997, 3.9885908494999995], "POP_ESTIMATE_2018": [-74461.375, 153337.625], "N_POP_CHG_2018": [-645.75, 868.25], "GQ_ESTIMATES_2018": [-2930.25, 5349.75], "R_birth_2018": [5.649999999999998, 16.450000000000003], "R_death_2018": [3.4499999999999993, 17.45], "R_NATURAL_INC_2018": [-9.0, 10.2], "R_INTERNATIONAL_MIG_2018": [-1.9500000000000002, 3.25], "R_DOMESTIC_MIG_2018": [-24.499999999999996, 24.299999999999997], "R_NET_MIG_2018": [-22.737499999999997, 24.562499999999996], "Less than a high school diploma 2014-18": [-6144.625, 12888.375], "High school diploma only 2014-18": [-15809.75, 33826.25], "Some college or associate's degree 2014-18": [-15880.25, 32587.75], "Bachelor's degree or higher 2014-18": [-12740.75, 24439.25], "Percent of adults with less than a high school diploma 2014-18": [-3.799999999999997, 29.799999999999997], "Percent of adults with a high school diploma only 2014-18": [15.550000000000006, 53.54999999999999], "Percent of adults completing some college or associate's degree 2014-18": [16.949999999999996, 44.550000000000004], "Percent of adults with a bachelor's degree or higher 2014-18": [-0.9000000000000021, 41.5], "POVALL_2018": [-10103.375, 21097.625], "PCTPOVALL_2018": [-0.4499999999999993, 29.55], "PCTPOV017_2018": [-3.200000000000003, 44.0], "PCTPOV517_2018": [-3.849999999999996, 42.14999999999999], "MEDHHINC_2018": [20959.125, 81540.125], "CI90LBINC_2018": [18106.25, 75818.25], "CI90UBINC_2018": [24272.375, 86579.375], "Civilian_labor_force_2018": [-35153.0, 71711.0], "Employed_2018": [-33729.75, 68788.25], "Unemployed_2018": [-1412.5, 2889.5], "Unemployment_rate_2018": [0.5500000000000003, 7.35], "Median_Household_Income_2018": [20959.125, 81540.125], "Med_HH_Income_Percent_of_State_Total_2018": [41.7, 133.7], "Active Physicians per 100000 Population 2018 (AAMC)": [150.79999999999995, 355.6], "Total Active Patient Care Physicians per 100000 Population 2018 (AAMC)": [146.20000000000005, 297.4], "Active Primary Care Physicians per 100000 Population 2018 (AAMC)": [54.64999999999998, 119.85000000000002], "Active Patient Care Primary Care Physicians per 100000 Population 2018 (AAMC)": [51.45000000000001, 108.65], "Active General Surgeons per 100000 Population 2018 (AAMC)": [4.8, 10.400000000000002], "Active Patient Care General Surgeons per 100000 Population 2018 (AAMC)": [4.449999999999999, 8.850000000000001], "Total nurse practitioners (2019)": [-39.22553242562499, 79.88024761137498], "Total physician assistants (2019)": [-21.707942859375, 42.782360291625], "Total Hospitals (2019)": [-1.34538510475, 2.9057676592500004], "Internal Medicine Primary Care (2019)": [-43.244171316875004, 84.99048587812501], "Family Medicine/General Practice Primary Care (2019)": [-33.68735572375, 70.31241441825], "Total Specialist Physicians (2019)": [-118.95382448749999, 237.56324629249997], "ICU Beds_x": [-18.0, 30.0], "Total Population": [-73833.625, 152301.375], "Population Aged 60+": [-17122.5, 36043.5], "Percent of Population Aged 60+": [11.299999999999997, 37.7], "STATE_FIPS": [-22.5, 85.5], "CNTY_FIPS": [-112.0, 280.0], "county_pop2018_18 and older": [-58079.75, 119360.25], "anycondition_prevalence": [30.749999999999996, 63.150000000000006], "anycondition_Lower 95% CI": [28.649999999999995, 61.05], "anycondition_Upper 95% CI": [32.849999999999994, 65.25], "anycondition_number": [-26964.375, 56180.625], "Obesity_prevalence": [24.15, 46.15], "Obesity_Lower 95% CI": [22.550000000000004, 44.54999999999999], "Obesity_Upper 95% CI": [25.712500000000002, 47.8125], "Obesity_number": [-20126.25, 41743.75], "Heart disease_prevalence": [3.8, 13.400000000000002], "Heart disease_Lower 95% CI": [3.4, 12.200000000000001], "Heart disease_Upper 95% CI": [4.449999999999999, 14.45], "Heart disease_number": [-4567.75, 9742.25], "COPD_prevalence": [2.3500000000000005, 15.549999999999999], "COPD_Lower 95% CI": [1.9500000000000002, 13.549999999999999], "COPD_Upper 95% CI": [3.1000000000000005, 17.5], "COPD_number": [-5053.0, 10595.0], "diabetes_prevalence": [5.799999999999997, 20.200000000000003], "diabetes_Lower 95% CI": [5.200000000000003, 18.799999999999997], "diabetes_Upper 95% CI": [6.399999999999999, 21.6], "diabetes_number": [-7049.5, 14916.5], "CKD_prevalence": [2.0500000000000007, 4.85], "CKD_Lower 95% CI": [1.9999999999999998, 4.4], "CKD_Upper 95% CI": [2.1, 5.299999999999999], "CKD_number": [-1877.5, 3968.5], "Urban_rural_code": [-1.5, 10.5], "COUNTY_NAME_n": [-1238.875, 2550.125], "STATE_NAME_n": [-25.0, 79.0]}